mbti,partner_1,reason_1,partner_2,reason_2
INTJ,ENTJ,"ENTJ's decisive leadership and strategic vision align with INTJ's long-term planning, creating a powerhouse team of mutual respect and ambition.",ENTP,"ENTP's creativity and adaptability complement INTJ's structured approach, sparking innovative ideas while maintaining a clear plan."
INTP,ENTP,"ENTP's love of debate and exploration encourages INTP's theoretical curiosity, making intellectual discussions dynamic and engaging.",INFJ,"INFJ's deep empathy and vision provide INTP with emotional insight, grounding their analytical mind in human values."
INFJ,ENFP,"ENFP's enthusiastic creativity energizes INFJ's idealism, fostering mutual inspiration and emotional connection.",ENFJ,"ENFJ's charismatic leadership supports INFJ's visionary goals, combining empathy with action to realize shared ideals."
INFP,INFJ,"INFJ's insight and empathy mirror INFP's values, creating a nurturing environment where both feel understood and supported.",ENFJ,"ENFJ's social confidence helps INFP express their creativity, while INFP's authenticity inspires ENFJ's altruistic nature."
ISTJ,ENFP,"ENFP's spontaneity softens ISTJ's rigidity, introducing new perspectives while ISTJ ensures stability in their adventures.",INTP,"INTP's inventive thinking complements ISTJ's practicality, balancing innovation with reliable execution."
ISFJ,ENFP,"ENFP's warmth and enthusiasm uplift ISFJ's nurturing nature, fostering joyful support and mutual encouragement.",ESFJ,"ESFJ's sociable caretaking enhances ISFJ's protective tendencies, creating harmonious and supportive relationships."
ESTJ,INFJ,"INFJ's empathy and principled ideals balance ESTJ's pragmatic leadership, ensuring decisions consider both logic and human values.",ESFJ,"ESFJ's collaborative nature complements ESTJ's organizational skills, combining efficiency with harmony in group settings."
ESFJ,INFP,"INFP's imaginative compassion enriches ESFJ's caring demeanor, fostering deep emotional bonds and shared values.",ISFJ,"ISFJ's steadfast support reinforces ESFJ's community focus, creating a stable and caring partnership."
ISTP,ESFJ,"ESFJ's social warmth brings ISTP out of their shell, while ISTP's spontaneity adds excitement to ESFJ's life.",ESTJ,"ESTJ's structured approach guides ISTP's adventurous spirit, ensuring their explorations are both fun and safe."
ISFP,ESFJ,"ESFJ's social harmony blends with ISFP's creative sensitivity, resulting in expressive and supportive companionship.",ESTJ,"ESTJ's organization provides ISFP with stability, while ISFP helps ESTJ appreciate beauty and spontaneity."
ESTP,INFJ,"INFJ's vision balances ESTP's impulse, grounding their adventures in meaningful purpose and insight.",INTJ,"INTJ's strategic foresight channels ESTP's energy toward well-planned ventures, merging action with foresight."
ESFP,INFP,"INFP's heartfelt sincerity resonates with ESFP's vibrant enthusiasm, creating a playful yet meaningful bond.",ENFP,"ENFP's creativity and ESFP's spontaneity amplify each other's zest for life, leading to dynamic and joyful experiences."
ENTJ,INFJ,"INFJ's deep understanding complements ENTJ's clarity of vision, forming a balanced partnership of insight and execution.",ENFJ,"ENFJ's empathetic leadership aligns with ENTJ's strategic drive, combining compassion with ambition in achieving goals."
ENTP,INFJ,"INFJ's introspection tempers ENTP's bold ideas, providing depth and direction to their creative endeavors.",ENFJ,"ENFJ's social grace supports ENTP's innovation, fostering engaging collaboration and mutual growth."
ENFJ,INFP,"INFP's introspective empathy enriches ENFJ's inspirational leadership, forming emotionally authentic connections.",INFJ,"INFJ's visionary compassion pairs with ENFJ's motivating charisma, creating a partnership with both insight and impact."
ENFP,INFJ,"INFJ's thoughtful empathy grounds ENFP's energetic creativity, ensuring their ideas have emotional resonance.",ENFJ,"ENFJ's encouragement nurtures ENFP's adventurous spirit, leading to supportive exploration and shared enthusiasm."
